"accountNumber","customerAccountNumber","description","name","reference","sortCode"
"21364695","1714339159","Upkeep","Clara Fleming","Anne","09-45-60"
"38083321","1714339159","Payback","Angel Warner","James","08-28-14"
"97639225","1714339159","Gardening","Sara Ramirez","Parents","07-75-39"
"21409673","1714339159","Payback","Roy Williams","Sister","09-93-57"
"18027750","1714339159","Payback","Brett Hill","Brother","07-81-92"
"01828715","1714339159","Interior building","Eric Perez","Sigourney","09-36-01"
"66587047","1714339159","Decorating","Harold May","Brother","08-43-86"
"90757857","1714339159","Payback","Carlos Thomas","Winona","06-90-50"
"69728354","1714339159","Debts","Eugenia Harris","James","07-15-59"
"94316525","1714339159","Interior building","Henrietta Fitzgerald","James","09-55-22"